id,playerName,x,y,end_x,end_y,xT_gain
2816622805,S. Nordli,50.3,49.9,17.6,2.84,-0.005
2816622835,W. Dammers,32.1,58.5,10.3,0.44,-0.005
2816622855,J. Björkengren,43.4,66.9,61.9,5.65,0.0
2816622921,E. Achouri,11.9,93.6,10.1,4.4,0.0
2816622935,O. Olsen,95.7,15.0,16.3,1.77,-0.022
2816623059,A. Rømer,78.3,20.3,11.9,5.68,-0.016
2816623065,M. Greve,87.5,11.1,4.1,0.97,-0.013
2816623071,A. Rømer,91.0,15.0,23.6,1.48,-0.018
2816623117,J. Björkengren,70.9,25.6,13.1,5.32,-0.009
2816623139,E. Achouri,36.4,90.3,16.9,4.75,-0.002
2816623221,A. Cornelius,37.8,63.9,27.3,4.75,-0.002
2816623271,R. Huescas,64.4,17.0,10.1,4.92,-0.006
2816623277,J. Larsson,66.4,2.5,16.7,2.39,-0.005
2816623321,Gabriel Pereira,54.8,19.3,8.2,6.11,-0.004
2816623351,J. Larsson,60.3,7.8,7.1,1.56,-0.005
2816623353,V. Froholdt,64.7,13.7,8.4,3.21,-0.007
2816623357,Gabriel Pereira,55.3,18.6,15.2,5.78,-0.004
2816623397,J. Larsson,66.8,2.1,2.3,1.43,-0.007
2816623413,J. Björkengren,35.3,80.9,5.1,0.68,-0.003
2816623649,R. Huescas,53.9,8.5,9.4,1.59,-0.004
2816623665,L. Lerager,53.7,22.3,11.2,4.92,-0.004
2816623675,R. Huescas,55.9,6.2,25.1,2.88,-0.002
2816623805,Gabriel Pereira,32.8,15.8,22.1,1.74,-0.001
2816623857,D. Ramaj,28.1,49.4,13.3,5.17,-0.004
2816623899,Gabriel Pereira,43.5,30.8,19.6,5.37,-0.004
2816623963,R. Huescas,54.9,7.9,10.0,1.14,-0.003
2816806591,L. Lerager,58.4,38.0,6.3,1.91,-0.008
2816624183,M. Elyounoussi,65.5,50.3,17.6,0.86,-0.009
2816624757,M. Elyounoussi,99.5,99.5,35.5,4.54,-0.018
2816624861,R. Huescas,70.7,35.6,13.2,5.14,-0.012
2816624867,E. Achouri,75.5,17.5,30.0,0.9,-0.009
2816624921,S. Nordli,29.7,24.4,14.0,0.95,-0.002
2816624969,M. Greve,37.4,41.2,30.0,0.95,-0.004
2816625057,S. Odey,58.2,88.3,22.8,6.18,-0.004
2816625081,N. Campbell,96.3,77.5,16.0,4.75,-0.022
2816625693,D. Ramaj,8.9,50.4,19.8,4.98,-0.008
2816625763,Gabriel Pereira,23.8,22.0,18.2,2.31,-0.002
2816625839,D. Ramaj,13.9,43.3,19.4,1.29,-0.005
2816625893,P. Hatzidiakos,22.5,68.0,13.7,4.37,-0.003
2816626031,D. Ramaj,24.3,47.5,35.0,5.3,-0.003
2816626061,R. Huescas,68.7,12.2,11.8,2.46,-0.008
2816626079,V. Froholdt,60.0,23.2,6.5,1.59,-0.006
2816626107,L. Lerager,59.9,32.8,10.2,4.46,-0.0069999999999999
2816626167,V. Froholdt,57.5,16.1,10.5,5.56,-0.004
2816626193,J. Larsson,67.0,5.2,10.5,2.37,-0.005
2816626209,V. Froholdt,59.8,16.0,8.9,5.36,-0.005
2816626325,J. Larsson,64.9,5.6,13.2,2.59,-0.005
2816626415,Gabriel Pereira,65.4,23.2,50.0,1.64,-0.0039999999999999
2816626581,O. Olsen,37.0,0.0,21.3,2.42,-0.001
2816626621,D. Høegh,21.7,18.6,23.2,2.18,-0.002
2816626645,P. Izzo,9.2,46.7,16.3,5.65,-0.005
2816626689,A. Rømer,21.7,31.8,15.5,4.62,-0.003
2816626737,D. Høegh,21.2,8.5,48.7,0.07,0.003
2816626787,E. Achouri,38.3,96.0,11.1,4.1,-0.002
2816626891,O. Olsen,61.8,0.0,14.1,0.96,-0.004
2816626983,P. Hatzidiakos,19.6,71.9,24.1,0.09,-0.001
2816627019,A. Cornelius,42.5,75.0,23.8,2.75,-0.003
2816627231,M. López,24.2,100.0,12.8,5.81,-0.001
2816627595,M. López,36.6,86.3,38.2,4.67,0.0
2816627627,Gabriel Pereira,34.9,30.2,16.5,0.8,-0.003
2816627669,L. Lerager,47.2,45.5,27.0,4.89,-0.004
2816627721,R. Huescas,55.0,7.4,20.2,2.34,-0.003
2816627895,Gabriel Pereira,41.6,28.7,28.7,1.62,-0.002
2816627957,P. Hatzidiakos,38.0,56.6,35.9,5.08,-0.004
2816628041,R. Huescas,54.8,8.0,25.9,0.66,-0.002
2816628103,A. Cornelius,74.3,31.3,10.3,4.27,-0.015
2816628153,V. Froholdt,66.9,21.1,10.3,4.83,-0.008
2816628217,R. Huescas,72.5,10.4,8.7,5.7,-0.009
2816628263,J. Larsson,79.4,3.4,35.4,1.25,-0.007
2816628867,M. Elyounoussi,99.5,99.5,28.8,4.4,-0.018
2816629197,W. Dammers,4.4,58.7,5.1,4.61,-0.005
2816629221,P. Izzo,4.4,50.0,16.6,4.9,-0.008
2816629251,D. Høegh,7.4,26.1,14.8,5.0,-0.002
2816629265,O. Olsen,10.8,5.0,10.3,0.89,0.0
2816629289,A. Rømer,17.0,17.0,11.2,3.77,-0.001
2816629339,O. Olsen,8.4,7.3,26.8,0.37,0.001
2816629351,S. Nordli,31.8,21.6,4.9,2.97,-0.003
2816629379,A. Rømer,27.2,22.8,10.8,1.19,-0.002
2816630693,M. López,69.7,64.7,29.1,5.76,-0.011
2816630805,M. Elyounoussi,52.6,47.2,15.6,1.5,-0.006
2816630937,M. López,58.6,76.8,15.8,0.94,-0.005
2816630959,E. Achouri,67.8,92.3,13.2,4.63,-0.006
2816630995,M. Elyounoussi,66.7,72.9,12.3,3.87,-0.009
2816631153,L. Lerager,58.0,60.8,22.1,4.78,-0.0069999999999999
2816631213,Gabriel Pereira,63.2,30.1,19.5,2.6,-0.009
2816631333,P. Hatzidiakos,53.3,45.2,20.8,5.08,-0.006
2816631395,R. Huescas,59.9,15.2,27.1,2.13,-0.003
2816631447,P. Hatzidiakos,46.3,49.0,16.0,1.09,-0.005
2816631467,M. López,56.5,69.0,26.0,5.58,-0.005
2816631507,A. Rømer,36.5,41.3,3.6,5.1,-0.007
2816631823,O. Olsen,43.3,0.0,10.0,1.99,-0.002
2816631831,A. Rømer,39.4,11.4,5.5,5.83,-0.004
2816631837,O. Olsen,44.2,6.8,16.2,0.05,-0.003
2816631911,E. Achouri,47.0,86.4,14.9,5.4,-0.004
2816631923,M. Elyounoussi,56.0,69.5,21.6,2.91,-0.006
2816632001,L. Lerager,36.0,76.8,36.2,6.03,0.0
2816632103,A. Cornelius,70.2,67.4,29.2,0.53,-0.0099999999999999
2816632169,E. Achouri,80.6,67.5,29.5,4.37,-0.022
2816632235,V. Froholdt,71.1,27.7,15.1,4.91,-0.009
2816632301,R. Huescas,74.0,5.9,17.3,2.58,-0.008
2816632339,Gabriel Pereira,62.2,16.6,31.9,2.11,-0.005
2816632481,P. Hatzidiakos,46.5,56.7,14.4,0.75,-0.005
2816632533,M. López,69.8,57.5,25.0,5.91,-0.012
2816633645,S. Nordli,49.8,50.0,21.1,4.24,-0.005
2816633669,A. Rømer,40.8,22.4,8.6,2.98,-0.005
2816633749,D. Høegh,32.7,24.4,22.4,2.36,-0.002
2816633785,P. Izzo,17.8,47.6,39.8,0.91,-0.002
2816633805,N. Dyhr,40.5,93.2,4.4,0.25,-0.005
2816633899,R. Huescas,54.4,19.6,37.7,2.55,-0.003
2816634061,D. Ramaj,24.5,50.1,17.4,5.1,-0.004
2816634135,Gabriel Pereira,30.8,26.5,30.0,1.88,-0.001
2816634165,P. Hatzidiakos,23.2,70.8,11.5,5.88,-0.002
2816634213,L. Lerager,32.7,64.7,16.9,1.1,-0.003
2816634331,M. Elyounoussi,54.0,91.7,37.0,5.8,-0.002
2816634367,J. Larsson,89.8,34.3,6.6,1.05,-0.039
2816634429,J. Björkengren,5.2,97.8,25.5,5.97,0.002
2816634483,V. Froholdt,65.8,22.7,12.2,4.45,-0.0069999999999999
2816634503,R. Huescas,62.8,5.3,9.3,2.21,-0.006
2816634539,Gabriel Pereira,58.6,12.2,48.1,0.37,-0.001
2816634927,P. Izzo,4.1,52.8,31.5,1.04,-0.007
2816634987,N. Dyhr,31.7,94.1,13.4,6.1,-0.001
2816637459,J. Björkengren,31.1,96.3,2.8,6.06,-0.002
2816635037,S. Nordli,53.5,83.8,15.3,5.11,-0.004
2816635125,M. Greve,60.0,60.8,32.4,5.13,-0.0059999999999999
2816635141,O. Olsen,72.5,17.0,10.4,2.42,-0.01
2816635161,A. Rømer,65.1,27.1,10.3,0.66,-0.008
2816635179,M. Greve,72.0,38.2,14.4,1.46,-0.017
2816635193,J. Björkengren,73.0,57.6,5.3,5.47,-0.02
2816635255,S. Nordli,76.5,51.9,10.5,6.24,-0.031
2816635633,D. Ramaj,13.7,55.7,70.8,0.25,0.0
2816635921,M. López,81.6,100.0,19.5,5.18,-0.008
2816635945,A. Cornelius,93.7,83.3,13.9,3.14,-0.018
2816635983,E. Achouri,80.5,83.4,10.8,4.53,-0.012
2816636217,W. Dammers,4.9,60.9,6.4,4.36,-0.005
2816636269,P. Izzo,4.5,50.7,22.8,4.94,-0.008
2816636299,D. Høegh,9.3,18.2,15.6,0.71,-0.001
2816636379,A. Rømer,24.1,27.1,36.3,5.85,-0.001
2816636387,M. Greve,55.5,5.2,13.8,0.93,-0.003
2816636513,P. Hatzidiakos,24.9,71.7,7.7,1.18,-0.003
2816637491,V. Froholdt,27.8,81.5,7.0,1.66,-0.003
2816636549,M. López,19.9,88.7,21.1,0.18,0.0
2816636601,E. Achouri,35.5,78.5,24.8,5.9,-0.001
2816636613,A. Cornelius,57.4,64.7,13.4,0.49,-0.0069999999999999
2816637163,M. López,65.0,100.0,18.2,5.85,-0.005
2816637585,D. Høegh,21.5,15.0,23.8,2.12,-0.001
2816637641,P. Izzo,9.7,44.8,17.1,0.58,-0.005
2816637671,W. Dammers,25.0,57.2,19.7,4.84,-0.005
2816637683,D. Høegh,27.3,28.5,16.2,1.76,-0.002
2816637741,W. Dammers,24.4,51.9,13.3,1.48,-0.004
2816637751,J. Björkengren,29.2,69.0,11.3,4.49,-0.003
2816637799,W. Dammers,26.8,52.8,21.3,4.85,-0.004
2816637835,D. Høegh,29.6,21.8,18.5,1.5,-0.002
2816637929,W. Dammers,31.3,51.0,14.7,1.51,-0.005
2816637959,J. Björkengren,33.2,70.0,9.0,4.44,-0.004
2816638011,W. Dammers,30.9,57.2,28.4,0.96,-0.004
2816638073,S. Nordli,55.3,96.2,11.7,4.98,-0.003
2816638041,N. Dyhr,46.1,92.4,10.0,0.26,-0.003
2816827579,Gabriel Pereira,32.9,32.3,30.2,1.62,-0.002
2816638363,E. Achouri,75.0,59.0,14.2,2.12,-0.017
2816638425,M. López,71.9,78.5,20.5,3.6,-0.012
2816638501,P. Hatzidiakos,54.1,65.0,22.8,4.94,-0.006
2816638527,Gabriel Pereira,64.0,22.4,11.9,5.04,-0.0069999999999999
2816638561,R. Huescas,67.7,5.8,12.5,1.17,-0.005
2816638593,V. Froholdt,69.4,20.0,10.6,4.91,-0.008
2816638633,R. Huescas,71.4,4.7,17.2,2.56,-0.005
2816638699,Gabriel Pereira,57.7,18.7,29.3,2.3,-0.004
2816638769,P. Hatzidiakos,35.9,49.6,26.8,5.03,-0.004
2816638843,Gabriel Pereira,42.3,10.6,26.8,0.28,-0.002
2816638861,V. Froholdt,72.7,24.5,14.4,5.08,-0.014
2816638913,R. Huescas,77.6,4.7,12.3,2.14,-0.008
2816638933,J. Larsson,71.3,19.9,31.7,0.86,-0.007
2816638985,M. Greve,23.9,51.0,10.5,0.29,-0.004
2816639087,S. Nordli,33.5,55.4,30.6,5.03,-0.004
2816639155,A. Rømer,54.1,12.8,17.7,1.69,-0.004
2816639219,J. Björkengren,57.7,35.8,11.1,0.42,-0.0069999999999999
2816639267,S. Nordli,69.1,38.6,21.9,4.65,-0.012
2816639285,M. Greve,67.3,6.5,10.4,2.92,-0.006
2816639323,O. Olsen,57.4,9.8,17.1,1.82,-0.004
2816639371,D. Høegh,53.4,34.2,17.4,1.69,-0.006
2816639421,W. Dammers,53.5,64.6,12.9,4.66,-0.006
2816639439,D. Høegh,52.8,44.3,10.1,1.5,-0.006
2816639483,W. Dammers,53.4,59.1,11.8,4.14,-0.006
2816639529,D. Høegh,46.7,38.3,24.6,5.15,-0.003
2816639591,A. Rømer,57.5,8.5,17.9,0.83,-0.004
2816639601,S. Nordli,69.0,28.0,7.7,3.27,-0.0099999999999999
2816639625,J. Björkengren,61.7,26.5,10.0,4.46,-0.0069999999999999
2816639657,A. Rømer,61.1,11.4,42.9,0.26,-0.002
2816640051,P. Hatzidiakos,5.4,60.6,7.6,4.31,-0.005
2816640127,D. Ramaj,3.1,50.3,27.8,5.06,-0.007
2816640135,R. Huescas,9.9,26.9,5.2,3.99,-0.003
2816640171,Gabriel Pereira,6.6,21.1,22.5,5.81,-0.001
2816640209,V. Froholdt,25.7,6.1,8.8,1.13,-0.002
2816640347,L. Lerager,25.6,11.7,13.4,5.82,-0.001
2816640381,V. Froholdt,79.8,15.7,10.1,2.4,-0.012
2816640433,L. Lerager,72.7,25.7,28.2,1.69,-0.013
2816640471,M. López,74.4,69.6,11.7,4.43,-0.015
2816640623,L. Lerager,69.5,52.4,27.9,1.2,-0.012
2816640649,E. Achouri,86.0,91.4,17.5,4.01,-0.011
2816641063,P. Izzo,9.0,44.3,11.6,1.16,-0.005
2816641081,W. Dammers,13.4,60.0,22.5,5.13,-0.004
2816641123,A. Rømer,25.4,26.4,14.5,5.3,-0.002
2816641131,M. Greve,36.6,2.7,17.6,0.41,-0.001
2816641425,M. López,43.9,94.2,24.7,5.68,-0.001
2816641449,L. Lerager,63.2,73.7,39.8,6.22,-0.005
2816643309,P. Izzo,2.9,46.1,7.9,1.29,-0.005
2816641623,W. Dammers,4.1,56.7,4.2,4.36,-0.006
2816641683,P. Izzo,5.4,45.4,27.6,5.09,-0.004
2816641701,O. Olsen,15.1,7.6,6.8,2.63,-0.001
2816641711,D. Høegh,9.6,12.8,36.3,0.15,0.0
2816641751,P. Hatzidiakos,56.7,71.9,16.5,0.09,-0.005
2816641861,A. Rømer,37.6,30.1,40.5,1.52,-0.001
2816641967,N. Dyhr,45.0,82.9,11.7,3.97,-0.004
2816642045,W. Dammers,41.5,66.3,20.5,4.81,-0.003
2816642075,D. Høegh,47.2,36.3,14.0,1.95,-0.004
2816642103,W. Dammers,44.3,59.9,13.8,2.32,-0.004
2816642159,J. Björkengren,35.4,74.8,18.9,4.21,-0.003
2816642245,P. Izzo,27.2,45.4,49.8,5.68,-0.002
2816642321,O. Olsen,59.6,9.7,18.0,2.61,-0.004
2816642351,D. Høegh,44.0,22.4,15.7,0.76,-0.004
2816642429,J. Björkengren,54.9,38.3,19.6,3.7,-0.006
2816642449,D. Høegh,41.6,23.1,15.5,0.53,-0.004
2816642475,J. Björkengren,54.4,34.6,11.9,2.93,-0.006
2816642527,D. Høegh,46.7,44.3,16.0,1.77,-0.005
2816642557,W. Dammers,45.8,64.9,10.3,4.59,-0.004
2816642575,D. Høegh,44.6,48.2,8.5,0.12,-0.006
2816642633,J. Björkengren,53.1,47.0,24.9,4.75,-0.005
2816642645,A. Rømer,59.4,26.8,20.8,1.25,-0.0069999999999999
2816642703,S. Odey,65.9,56.6,23.6,1.24,-0.009
2816642741,N. Dyhr,73.4,89.6,12.3,4.08,-0.008
2816642771,S. Odey,66.4,74.2,4.8,4.87,-0.009
2816642801,J. Björkengren,67.2,66.1,15.9,4.36,-0.011
2816642865,D. Høegh,62.2,43.7,8.4,0.26,-0.0099999999999999
2816642911,A. Rømer,70.4,51.8,17.8,1.48,-0.013
2816642943,J. Björkengren,72.0,76.4,10.1,4.74,-0.014
2816642985,A. Rømer,72.7,65.4,28.2,0.9,-0.014
2816643017,N. Dyhr,89.2,96.3,15.8,5.57,-0.008
2816643491,D. Ramaj,4.2,51.2,51.7,0.01,-0.005
2816643545,D. Høegh,43.7,53.6,10.0,6.1,-0.005
2816643561,J. Larsson,47.3,63.2,16.9,1.53,-0.004
2816643581,M. López,53.6,91.2,11.5,0.16,-0.003
2816643641,E. Achouri,64.4,93.9,11.9,5.13,-0.005
2816643689,M. López,65.1,87.9,20.9,3.24,-0.006
2816643747,P. Hatzidiakos,44.4,82.8,29.5,4.74,-0.003
2816643781,Gabriel Pereira,42.8,37.0,25.4,5.43,-0.002
2816643863,R. Huescas,57.0,15.7,33.8,2.39,-0.003
2816643895,P. Hatzidiakos,45.9,42.2,8.9,6.12,-0.005
2816643917,L. Lerager,54.7,36.8,17.5,3.98,-0.006
2816643947,Gabriel Pereira,43.6,17.6,18.7,1.68,-0.004
2816643957,P. Hatzidiakos,40.7,47.0,13.6,0.18,-0.005
2816644005,L. Lerager,53.4,50.6,20.0,0.99,-0.006
2816644017,M. Elyounoussi,82.9,69.0,11.9,1.1,-0.03
2816644029,E. Achouri,88.0,84.6,16.9,4.09,-0.017
2816644041,L. Lerager,78.6,64.1,8.7,1.89,-0.0249999999999999
2816644075,M. López,76.0,76.2,14.6,0.81,-0.014
2816644121,M. López,71.6,95.3,10.7,6.19,-0.006
2816644803,M. López,71.8,71.4,42.5,5.54,-0.012
2816645371,W. Dammers,4.5,56.4,3.8,4.55,-0.006
2816645395,P. Izzo,8.3,45.2,30.1,5.21,-0.004
2816645411,O. Olsen,21.9,6.2,11.4,2.75,0.0
2816645429,D. Høegh,11.9,12.6,13.1,0.17,-0.001
2816645445,A. Rømer,25.9,16.5,7.2,4.55,-0.002
2816645481,O. Olsen,24.8,5.5,5.2,0.63,-0.002
2816645573,A. Rømer,30.8,8.9,15.1,2.06,-0.001
2816645625,D. Høegh,29.4,30.3,25.1,1.79,-0.002
2816645735,W. Dammers,30.1,61.4,32.4,4.87,-0.002
2816645845,A. Rømer,39.6,14.0,29.2,2.56,-0.002
2816645923,P. Izzo,19.0,47.9,13.5,1.32,-0.004
2816645939,W. Dammers,25.2,61.7,14.5,3.87,-0.003
2816646021,P. Izzo,16.7,47.5,33.1,5.15,-0.003
2816646043,O. Olsen,30.0,3.8,16.1,2.62,-0.001
2816646061,D. Høegh,17.0,16.4,24.7,1.98,0.0
2816646085,P. Izzo,10.2,53.4,18.2,1.44,-0.005
2816646107,W. Dammers,12.4,80.2,15.2,5.77,-0.001
2816646147,J. Björkengren,25.0,69.3,16.7,0.03,-0.003
2816646151,S. Odey,40.9,70.0,20.5,6.06,-0.003
2816646237,M. Greve,59.0,33.1,17.2,5.45,-0.0069999999999999
2816646265,O. Olsen,69.7,15.0,3.4,1.63,-0.01
2816646295,M. Greve,66.7,20.0,11.5,2.24,-0.008
2816646303,A. Rømer,59.8,33.9,8.6,0.64,-0.008
2816646403,V. Froholdt,56.5,79.7,12.0,0.59,-0.004
2816646643,M. López,66.0,100.0,13.8,5.53,-0.005
2816646665,A. Cornelius,78.4,88.7,12.0,4.18,-0.009
2816646717,E. Achouri,74.3,72.2,28.1,4.57,-0.013
2816646725,R. Huescas,68.8,19.7,31.9,0.7,-0.007
2816646837,M. López,79.7,79.1,9.9,2.3,-0.016
2816646873,L. Lerager,73.4,89.9,17.2,4.9,-0.008
2816646903,E. Achouri,78.9,71.0,16.1,1.53,-0.0199999999999999
2816646937,M. López,79.7,92.4,12.6,3.1,-0.009
2816646969,L. Lerager,67.3,91.8,42.0,4.1,-0.004
2816646993,P. Hatzidiakos,44.2,41.3,18.1,5.57,-0.005
2816647035,Gabriel Pereira,58.3,22.0,11.2,5.29,-0.005
2816647131,R. Huescas,64.1,8.2,15.1,1.25,-0.005
2816647147,V. Froholdt,63.4,24.5,15.3,5.37,-0.008
2816647181,R. Huescas,72.3,6.7,12.3,2.0,-0.008
2816647195,V. Froholdt,63.3,9.5,10.8,2.86,-0.005
2816647267,Gabriel Pereira,53.4,13.9,36.8,2.43,-0.003
2816647349,D. Ramaj,27.0,49.4,18.2,5.4,-0.004
2816647395,Gabriel Pereira,55.2,25.7,17.7,2.14,-0.005
2816647431,P. Hatzidiakos,46.1,47.6,18.6,0.61,-0.005
2816647459,M. Elyounoussi,55.0,56.8,10.3,3.47,-0.006
2816647495,L. Lerager,46.6,54.5,16.8,3.19,-0.005
2816647519,P. Hatzidiakos,30.6,53.3,67.1,5.82,0.0
2816647551,J. Larsson,88.3,8.9,18.0,2.39,-0.011
2816647583,V. Froholdt,79.1,29.9,4.1,1.57,-0.025
2816647655,M. López,62.4,84.2,16.0,0.2,-0.006
2816647659,E. Achouri,81.1,88.8,13.8,4.98,-0.01
2816647685,M. Elyounoussi,84.6,69.2,12.2,2.59,-0.03
2816647741,N. Campbell,26.8,51.2,5.7,5.47,-0.005
2816647825,R. Huescas,58.8,25.9,14.9,5.29,-0.0069999999999999
2816647845,J. Larsson,69.1,4.9,37.6,0.45,-0.004
2816648019,W. Dammers,4.9,60.9,5.9,4.53,-0.005
2816648045,P. Izzo,4.7,51.6,17.2,4.9,-0.008
2816648065,D. Høegh,7.9,24.3,37.1,6.2,0.0
2816648167,S. Nordli,38.5,36.4,1.5,0.77,-0.005
2816648369,J. Björkengren,46.2,46.2,6.2,2.58,-0.006
2816648437,D. Høegh,45.0,52.1,18.4,2.01,-0.005
2816648497,W. Dammers,38.8,72.7,21.1,3.95,-0.003
2816648507,P. Izzo,23.7,50.6,13.0,1.21,-0.004
2816648579,W. Dammers,28.1,68.4,11.8,0.0,-0.003
2816648697,J. Björkengren,43.7,76.6,28.2,0.39,-0.003
2816648709,S. Nordli,63.0,71.1,8.4,3.12,-0.009
2816648733,W. Dammers,55.1,71.4,11.3,4.52,-0.005
2816648743,M. Greve,53.2,51.6,9.5,4.9,-0.007
2816648749,D. Høegh,54.9,37.9,22.0,0.74,-0.006
2816648915,V. Froholdt,35.8,45.7,33.5,5.52,-0.004
2816649095,A. Rømer,25.1,53.7,70.2,5.89,0.001
2816649111,N. Campbell,86.6,23.3,10.4,2.17,-0.022
2816649191,L. Lerager,36.0,80.0,22.0,0.3,-0.002
2816649233,E. Achouri,55.8,90.2,15.6,3.57,-0.003
2816649267,L. Lerager,54.7,76.4,6.1,4.56,-0.006
2816649359,M. Elyounoussi,53.8,67.5,33.9,4.95,-0.005
2816649399,R. Huescas,65.4,21.5,7.3,1.56,-0.008
2816649439,J. Larsson,70.5,28.1,28.7,0.07,-0.008
2816649443,R. Huescas,97.8,31.1,12.8,1.96,-0.0419999999999999
2816649583,V. Froholdt,90.6,13.6,20.8,3.04,-0.018
2816649595,J. Larsson,70.9,16.6,12.4,2.65,-0.008
2816649607,Gabriel Pereira,60.3,27.8,25.4,1.52,-0.0059999999999999
2816649631,P. Hatzidiakos,61.5,65.1,11.6,5.58,-0.0069999999999999
2816649641,L. Lerager,70.0,52.4,20.3,2.97,-0.013
2816649667,P. Hatzidiakos,51.0,57.6,20.9,5.03,-0.005
2816649711,Gabriel Pereira,57.2,28.4,23.9,5.62,-0.0059999999999999
2816649747,V. Froholdt,76.7,4.6,13.8,3.24,-0.008
2816649755,J. Larsson,63.5,2.6,17.3,0.67,-0.005
2816649815,J. Björkengren,20.5,74.6,13.4,6.19,-0.002
2816649827,S. Odey,48.3,60.7,11.9,5.15,-0.005
2816649849,M. Greve,55.2,44.6,13.1,0.39,-0.006
2816864453,Gabriel Pereira,4.2,40.3,11.0,1.63,-0.003
2816650051,D. Ramaj,9.0,60.7,38.0,6.19,-0.002
2816650085,A. Cornelius,37.2,54.6,18.2,4.76,-0.005
2816650165,J. Larsson,43.3,27.8,15.5,4.87,-0.004
2816650175,R. Huescas,73.6,23.3,11.8,3.43,-0.012
2816650179,V. Froholdt,62.8,18.4,11.8,1.94,-0.0069999999999999
2816650231,L. Lerager,59.7,36.8,13.7,0.89,-0.0069999999999999
2816650283,M. Elyounoussi,68.2,48.5,17.9,4.54,-0.013
2816650315,V. Froholdt,62.3,20.6,13.7,0.51,-0.0069999999999999
2816650361,J. Larsson,70.6,31.6,16.9,3.09,-0.011
2816650429,Gabriel Pereira,54.5,32.8,15.8,1.71,-0.006
2816650489,P. Hatzidiakos,52.6,57.0,14.9,4.98,-0.006
2816650543,Gabriel Pereira,60.2,29.5,33.7,0.75,-0.0059999999999999
2816650683,M. Greve,36.0,41.3,13.8,1.69,-0.005
2816650757,J. Björkengren,35.8,62.6,4.8,3.76,-0.004
2816650805,W. Dammers,31.3,61.5,29.0,0.93,-0.002
2816650867,N. Dyhr,52.8,94.1,20.8,3.96,-0.003
2816650895,W. Dammers,45.1,66.6,11.9,4.53,-0.004
2816650943,D. Høegh,43.0,52.1,12.4,6.15,-0.005
2816650959,J. Björkengren,54.7,49.4,8.9,2.97,-0.007
2816651001,D. Høegh,46.3,51.6,16.8,1.26,-0.005
2816651027,W. Dammers,53.3,73.9,18.5,0.95,-0.005
2816651097,N. Dyhr,63.5,96.0,22.6,6.19,-0.005
2816651129,S. Nordli,76.5,90.2,33.6,5.15,-0.008
2816651287,J. Björkengren,61.7,83.3,14.8,4.01,-0.004
2816651311,W. Dammers,47.2,66.3,24.1,4.77,-0.003
2816651361,D. Høegh,48.5,30.7,11.3,1.9,-0.005
2816651399,A. Rømer,45.9,53.9,13.7,1.72,-0.005
2816651409,W. Dammers,39.7,75.6,4.3,0.13,-0.005
2816651449,A. Cornelius,55.5,45.2,16.2,4.05,-0.006
2816651455,V. Froholdt,46.0,26.5,27.2,0.42,-0.003
2816651481,A. Rømer,46.3,48.1,11.2,0.52,-0.005
2816651525,V. Froholdt,47.9,39.7,12.4,0.09,-0.005
2816651583,A. Cornelius,57.7,38.0,10.2,1.06,-0.0069999999999999
2816651587,M. Elyounoussi,73.3,56.6,19.0,0.34,-0.019
2816651631,D. Høegh,10.5,44.9,5.2,5.86,-0.006
2816651673,O. Olsen,14.7,41.6,30.0,5.47,-0.004
2816651789,V. Froholdt,62.2,71.1,16.5,1.8,-0.008
2816651793,M. Greve,35.6,4.3,10.8,0.43,-0.001
2816651873,V. Froholdt,45.9,89.9,12.6,4.03,-0.003
2816652347,O. Olsen,49.3,0.0,43.1,0.26,-0.001
2816652519,D. Ramaj,14.0,66.3,8.5,6.08,-0.004
2816652581,L. Lerager,21.9,63.8,17.9,2.26,-0.003
2816652761,P. Hatzidiakos,11.9,84.6,15.5,4.14,-0.001
2816652851,D. Ramaj,14.8,53.6,62.5,5.73,0.0
2816652907,R. Huescas,65.6,5.6,10.8,3.03,-0.005
2816652925,J. Larsson,58.8,8.9,10.1,1.55,-0.004
2816652955,L. Lerager,59.0,23.8,17.6,4.48,-0.0069999999999999
2816653119,N. Dyhr,46.3,100.0,12.8,4.27,-0.002
2816653191,J. Björkengren,46.6,75.1,21.1,4.02,-0.004
2816653203,D. Høegh,33.7,51.0,18.3,1.95,-0.005
2816653225,W. Dammers,27.2,76.0,6.7,0.01,-0.003
2816653263,J. Björkengren,33.8,76.4,19.2,5.92,-0.003
2816653337,S. Nordli,54.3,69.7,24.9,6.1,-0.005
2816653395,S. Odey,91.0,71.8,7.3,3.88,-0.032
2816653535,J. Björkengren,68.5,60.8,13.6,4.79,-0.012
2816653547,A. Rømer,68.7,43.3,19.8,1.55,-0.013
2816653555,J. Björkengren,69.0,72.4,18.6,0.87,-0.009
2816653591,N. Dyhr,80.2,92.7,12.5,3.72,-0.009
2816653621,J. Björkengren,69.9,82.3,10.7,5.06,-0.008
2816653639,S. Nordli,73.7,67.0,4.2,5.67,-0.017
2816653677,S. Nordli,75.5,71.4,3.0,0.0,-0.016
2816653689,Gabriel Pereira,21.8,55.4,9.2,0.95,-0.006
2816653733,L. Lerager,25.4,41.8,13.5,5.99,-0.005
2816653771,A. Cornelius,37.1,36.2,19.9,1.89,-0.003
2816653789,M. Elyounoussi,31.1,63.9,61.3,5.65,0.001
2816653839,W. Dammers,11.8,89.0,15.7,4.21,0.0
2816653869,P. Izzo,5.3,69.1,11.8,6.24,-0.004
2816653891,J. Björkengren,17.0,68.2,10.0,4.35,-0.003
2816653905,P. Izzo,12.6,50.6,11.0,4.94,-0.006
2816653951,D. Høegh,14.9,34.8,13.9,2.23,-0.003
2816654083,P. Izzo,7.2,50.9,16.2,5.16,-0.008
2816654221,D. Høegh,26.4,30.3,24.0,1.78,-0.002
2816654249,W. Dammers,27.3,53.3,17.6,4.86,-0.005
2816654319,M. López,4.0,86.0,13.5,4.61,0.0
2816654361,D. Ramaj,2.7,66.2,15.4,1.48,-0.001
2816654371,M. López,4.5,90.6,35.8,6.21,0.003
2816654441,A. Rømer,69.7,4.5,2.2,0.0,-0.007
2816654631,O. Olsen,67.9,0.0,26.3,2.63,-0.004
2816654649,D. Høegh,43.7,24.7,13.7,1.58,-0.004
2816654689,W. Dammers,43.8,42.5,9.0,4.82,-0.006
2816654725,D. Høegh,43.9,32.8,11.6,1.55,-0.004
2816654765,W. Dammers,45.5,59.7,17.3,4.6,-0.004
2816654799,D. Høegh,43.6,33.1,17.5,4.88,-0.004
2816654823,A. Rømer,46.7,13.8,14.0,2.2,-0.004
2816654843,D. Høegh,40.8,33.0,18.4,1.83,-0.003
2816654867,W. Dammers,36.4,52.5,41.8,5.39,-0.003
2816654883,O. Olsen,61.3,4.6,17.0,0.23,-0.004
2816654953,O. Olsen,80.4,0.0,9.0,1.39,-0.009
2816654961,M. Greve,81.9,11.1,4.2,4.74,-0.012
2816654969,O. Olsen,82.0,4.9,6.5,0.0,-0.009
2816655003,M. Greve,88.2,4.9,4.4,3.43,-0.01
2816655015,O. Olsen,84.2,2.6,13.0,0.8,-0.008
2816655363,O. Olsen,72.2,0.0,17.8,2.76,-0.006
2816655373,D. Høegh,56.5,7.7,28.3,1.96,-0.002
2816655377,W. Dammers,46.1,50.7,7.5,0.41,-0.006
2816655387,J. Björkengren,52.5,54.8,14.8,3.2,-0.006
2816655439,W. Dammers,37.2,42.1,41.6,5.62,-0.003
2816655451,O. Olsen,68.3,4.3,15.0,1.18,-0.005
2816655497,M. Greve,73.7,24.7,12.3,1.17,-0.014
2816655511,N. Campbell,78.3,41.3,4.8,4.05,-0.03
2816655537,S. Nordli,75.5,35.7,23.7,6.11,-0.017
2816655539,O. Olsen,97.7,29.8,2.9,1.86,-0.044
2816655661,R. Huescas,8.2,7.3,45.7,0.33,0.002
2816655725,W. Dammers,52.3,68.2,11.5,0.43,-0.005
2816655769,A. Rømer,66.7,75.3,15.3,0.65,-0.009
2816655835,N. Dyhr,81.7,92.1,11.4,3.81,-0.01
2816655873,S. Nordli,79.1,86.2,6.2,1.19,-0.013
2816655933,N. Dyhr,81.3,94.7,12.3,4.67,-0.008
2816656525,S. Nordli,99.5,99.5,27.9,4.61,-0.018
2816656573,N. Campbell,87.6,80.5,18.8,5.15,-0.022
2816656885,N. Dyhr,86.1,100.0,17.7,4.77,-0.008
2816657555,D. Ramaj,10.9,35.0,59.9,6.14,0.0
2816657573,A. Cornelius,67.4,22.6,32.1,0.53,-0.007
2816659201,M. Elyounoussi,63.7,41.9,18.3,3.01,-0.009
2816657617,L. Lerager,45.5,58.8,22.2,2.43,-0.005
2816657673,M. López,29.5,80.1,19.3,0.26,-0.002
2816657907,O. Olsen,42.0,13.9,13.9,2.69,-0.003
2816660399,A. Rømer,29.2,13.5,14.1,2.03,-0.001
2816657935,D. Høegh,31.2,42.4,12.8,1.54,-0.005
2816657977,W. Dammers,31.6,60.8,15.4,4.58,-0.003
2816658021,D. Høegh,32.0,44.6,22.1,4.86,-0.005
2816658097,A. Rømer,36.3,11.7,21.7,1.88,-0.002
2816658133,D. Høegh,32.4,45.8,13.5,1.9,-0.005
2816658197,W. Dammers,28.4,64.6,27.2,0.9,-0.002
2816658223,S. Nordli,45.6,95.3,10.5,0.02,-0.002
2816658265,Gabriel Pereira,33.5,20.8,14.7,5.4,-0.002
2816658281,R. Huescas,42.4,4.1,18.3,1.38,-0.002
2816658301,L. Lerager,45.7,30.5,28.6,5.68,-0.003
2816658379,W. Dammers,37.4,70.8,5.7,5.38,-0.004
2816658427,A. Rømer,40.8,64.2,6.1,2.24,-0.004
2816658461,W. Dammers,35.8,64.5,17.4,4.37,-0.003
2816658505,D. Høegh,32.7,36.4,17.9,0.81,-0.003
2816658543,J. Björkengren,44.2,53.0,16.0,4.02,-0.005
2816658583,D. Høegh,34.7,33.9,46.4,6.04,0.0
2816658637,O. Olsen,69.5,15.2,8.0,0.48,-0.009
2816658651,M. López,23.0,71.7,9.2,5.6,-0.003
2816658671,V. Froholdt,28.6,60.5,22.3,5.2,-0.003
2816658697,J. Björkengren,61.0,65.5,6.9,5.78,-0.008
2816658711,S. Odey,66.8,60.6,4.2,0.14,-0.014
2816658813,M. Greve,57.5,70.6,15.4,1.21,-0.0069999999999999
2816658827,N. Dyhr,62.7,92.1,8.0,4.28,-0.006
2816658849,J. Björkengren,59.5,81.5,16.9,5.49,-0.005
2816658855,S. Nordli,70.8,63.9,5.1,1.53,-0.013
2816658885,M. Greve,71.0,71.4,20.4,0.66,-0.009
2816658897,N. Dyhr,87.4,93.2,2.8,4.86,-0.013
2816659247,D. Ramaj,15.2,66.0,64.0,6.25,0.002
2816659301,A. Cornelius,71.1,63.5,12.6,1.95,-0.012
2816659319,E. Achouri,75.5,70.4,14.9,4.78,-0.015
2816659385,S. Nordli,30.8,51.0,50.8,5.71,-0.002
2816659443,P. Hatzidiakos,22.9,93.3,22.6,4.12,0.0
2816659679,D. Ramaj,11.8,63.0,37.2,5.14,-0.003
2816659697,R. Huescas,58.1,5.9,31.4,2.57,-0.003
2816659755,Gabriel Pereira,33.0,31.1,17.1,5.45,-0.003
2816659833,R. Huescas,43.8,13.3,28.7,1.93,-0.003
2816659891,P. Hatzidiakos,44.6,50.6,17.0,4.77,-0.005
2816659933,Gabriel Pereira,45.5,25.6,17.1,5.38,-0.004
2816659939,R. Huescas,55.6,5.9,11.8,1.04,-0.003
2816659993,L. Lerager,61.3,20.8,8.8,5.41,-0.006
2816660013,J. Larsson,66.7,10.9,8.3,5.63,-0.007
2816660051,V. Froholdt,73.0,3.5,12.9,3.0,-0.006
2816660083,L. Lerager,60.8,6.2,11.5,0.71,-0.004
2816660089,J. Larsson,69.1,16.9,13.9,3.71,-0.008
2816660185,L. Lerager,57.0,5.6,23.3,2.13,-0.003
2816660219,Gabriel Pereira,46.6,41.2,20.7,1.5,-0.005
2816660331,P. Hatzidiakos,47.9,71.6,30.0,6.26,-0.003
2816660359,M. Elyounoussi,88.9,96.8,19.1,4.02,-0.008
2816660383,E. Achouri,77.3,75.2,9.6,4.68,-0.0199999999999999
2816660401,J. Larsson,77.0,61.1,17.6,0.48,-0.024
2816660427,E. Achouri,91.8,73.1,11.9,4.54,-0.031
2816660453,A. Cornelius,91.7,56.6,6.8,3.31,-0.142
2816661401,S. Nordli,50.1,49.7,17.8,3.49,-0.005
2816661745,O. Olsen,82.2,0.0,13.6,0.54,-0.008
2816661781,N. Campbell,93.3,8.8,8.1,3.47,-0.016
2816661807,O. Olsen,87.6,12.2,12.0,1.66,-0.017
2816661955,Gabriel Pereira,5.5,29.0,21.3,5.41,-0.002
2816661977,R. Huescas,9.3,8.6,8.1,1.25,-0.001
2816662051,V. Froholdt,38.6,6.2,13.9,3.19,-0.003
2816662053,R. Huescas,25.7,5.2,2.7,1.57,-0.003
2816662173,R. Huescas,25.8,0.0,11.4,2.4,-0.001
2816662217,Gabriel Pereira,17.8,10.4,22.7,1.89,0.0
2816662255,D. Ramaj,12.5,44.8,16.5,1.63,-0.005
2816662359,P. Hatzidiakos,11.5,69.0,26.4,6.24,-0.003
2816662379,E. Achouri,43.8,61.4,24.9,6.08,-0.003
2816662459,A. Cornelius,67.0,53.9,32.6,0.69,-0.012
2816662507,M. Elyounoussi,94.9,77.7,11.3,3.72,-0.023
2816662563,A. Rømer,10.6,34.6,5.2,5.91,-0.004
2816670149,M. Elyounoussi,50.1,49.7,26.5,3.07,-0.004
2816670201,D. Ramaj,25.2,49.7,70.5,5.77,0.001
2816670371,N. Dyhr,17.8,100.0,16.4,4.2,0.0
2816670423,W. Dammers,12.3,81.5,63.1,0.21,0.004
2816670715,R. Huescas,30.1,0.0,12.0,1.27,-0.001
2816670727,V. Froholdt,33.5,16.1,8.3,3.9,-0.003
2816670743,R. Huescas,27.8,7.7,35.8,2.28,0.0
2816670777,D. Ramaj,5.6,47.6,19.8,0.71,-0.008
2816670793,M. López,19.9,66.5,19.1,3.77,-0.003
2816670833,D. Ramaj,5.2,50.0,51.1,0.62,-0.005
2816670841,E. Achouri,44.8,93.8,19.9,5.64,-0.003
2816670861,D. Høegh,41.0,30.0,10.3,1.0,-0.003
2816670873,J. Björkengren,46.3,42.8,20.9,2.28,-0.005
2816670895,W. Dammers,31.6,68.2,21.8,0.96,-0.003
2816670917,N. Dyhr,43.5,94.7,12.5,4.0,-0.002
2816670957,W. Dammers,36.4,78.8,56.1,5.13,0.001
2816670963,O. Olsen,58.0,3.5,6.0,0.17,-0.005
2816671027,O. Olsen,67.7,4.1,7.9,0.15,-0.006
2816671087,M. López,24.5,93.2,9.9,5.06,-0.001
2816671129,L. Lerager,27.7,79.5,19.6,2.98,-0.002
2816671171,P. Hatzidiakos,9.3,84.2,37.5,0.21,0.0
2816671175,M. Elyounoussi,38.3,94.1,4.7,4.6,-0.005
2816671229,M. López,6.9,92.7,20.4,6.12,0.0
2816671411,M. López,23.0,100.0,21.9,5.4,0.0
2816671433,A. Rømer,58.7,12.2,6.4,1.2,-0.005
2816671461,J. Björkengren,61.5,22.7,19.6,2.67,-0.005
2816671507,W. Dammers,44.8,39.8,14.0,4.83,-0.004
2816671547,D. Høegh,45.0,21.9,22.6,2.08,-0.004
2816671587,W. Dammers,37.0,58.4,24.6,5.05,-0.004
2816671623,D. Høegh,51.6,17.6,10.2,0.52,-0.004
2816671625,S. Odey,60.0,25.0,7.1,3.05,-0.008
2816671653,A. Rømer,51.3,26.2,6.7,6.12,-0.004
2816671683,S. Odey,62.7,39.1,30.0,1.41,-0.008
2816671767,N. Dyhr,67.4,82.7,19.3,0.02,-0.008
2816671799,N. Campbell,90.5,87.8,14.6,5.22,-0.018
2816671805,N. Dyhr,97.7,69.0,1.1,4.13,-0.044
2816672399,S. Nordli,99.5,99.2,31.1,4.46,-0.018
2816672651,R. Huescas,34.5,0.0,27.8,2.78,0.0
2816672673,Gabriel Pereira,9.7,13.4,12.1,5.88,-0.001
2816672681,R. Huescas,16.6,7.9,11.5,2.94,0.0
2816672709,Gabriel Pereira,5.9,11.3,35.8,0.11,0.001
2816672741,W. Dammers,52.3,80.5,8.9,0.65,-0.005
2816672749,J. Björkengren,59.1,88.6,7.2,6.11,-0.004
2816672941,N. Dyhr,64.8,100.0,21.5,5.89,-0.005
2816672953,S. Odey,83.7,90.9,8.9,2.51,-0.011
2816672959,N. Dyhr,76.5,94.0,2.0,2.42,-0.011
2816673005,S. Nordli,76.3,74.1,18.5,5.3,-0.0199999999999999
2816673097,N. Campbell,78.1,45.6,14.2,4.44,-0.0289999999999999
2816673159,O. Olsen,75.2,34.6,18.0,2.51,-0.015
2816673193,D. Høegh,61.8,49.1,18.0,1.59,-0.008
2816673207,W. Dammers,62.5,73.0,17.1,4.24,-0.008
2816673221,D. Høegh,55.0,50.6,12.6,5.54,-0.006
2816673229,A. Rømer,63.8,38.0,5.8,1.39,-0.0099999999999999
2816673231,J. Björkengren,64.8,46.4,13.8,5.95,-0.009
2816673293,P. Hatzidiakos,22.8,63.4,17.0,0.11,-0.003
2816673385,M. Elyounoussi,43.3,71.9,36.1,4.81,-0.003
2816673453,R. Huescas,63.7,21.5,14.4,5.51,-0.0069999999999999
2816673483,J. Larsson,79.0,9.8,13.8,1.86,-0.009
2816673887,W. Dammers,16.4,55.8,52.3,5.86,-0.002
2816673933,L. Lerager,42.9,89.1,13.1,4.94,-0.003
2816673949,M. López,45.7,70.4,15.2,2.99,-0.004
2816673985,P. Hatzidiakos,31.4,73.8,33.8,0.38,-0.001
2816673993,E. Achouri,61.3,92.1,18.2,3.62,-0.004
2816674295,M. Greve,52.2,35.5,3.1,0.63,-0.007
2816674055,A. Rømer,53.9,34.5,35.5,0.18,-0.005
2816674355,D. Ramaj,14.4,52.8,23.7,1.11,-0.004
2816674381,P. Hatzidiakos,24.3,84.0,9.5,5.33,-0.002
2816674439,L. Lerager,29.5,72.6,14.0,1.12,-0.002
2816674461,M. López,35.3,91.1,36.9,5.77,-0.001
2816674507,D. Høegh,29.2,37.4,17.4,1.16,-0.003
2816674725,N. Dyhr,35.9,61.4,12.0,5.65,-0.003
2816674617,V. Froholdt,68.1,34.9,5.4,1.26,-0.012
2816674655,J. Larsson,70.9,40.0,13.3,1.75,-0.012
2816674669,M. Elyounoussi,82.1,70.1,12.4,4.56,-0.03
2816674695,J. Larsson,80.3,52.1,7.5,0.49,-0.032
2816675447,J. Larsson,99.5,0.5,37.3,2.04,-0.018
2816675603,W. Dammers,4.5,60.0,4.2,4.3,-0.005
2816675609,P. Izzo,2.9,53.9,21.2,4.97,-0.004
2816675633,D. Høegh,8.4,23.6,22.3,0.02,-0.002
2816675677,A. Rømer,29.5,24.1,37.7,5.79,-0.001
2816675993,M. López,35.4,100.0,14.5,5.22,-0.001
2816676195,E. Achouri,42.1,76.2,30.0,4.81,-0.002
2816676217,R. Huescas,82.0,16.1,8.1,4.34,-0.0139999999999999
2816676259,J. Larsson,79.2,5.0,14.2,2.79,-0.008
2816676321,V. Froholdt,71.2,10.6,10.5,1.16,-0.006
2816676379,E. Achouri,75.2,24.7,10.8,3.94,-0.014
2816676411,V. Froholdt,68.0,13.4,14.8,2.59,-0.008
2816676449,Gabriel Pereira,56.0,24.8,16.1,5.45,-0.005
2816676529,V. Froholdt,66.3,7.3,11.9,0.58,-0.005
2816676597,R. Huescas,78.1,18.4,8.1,2.75,-0.0169999999999999
2816676691,S. Nordli,29.3,88.0,4.5,3.56,-0.003
2816676705,N. Dyhr,25.4,85.3,44.8,6.15,0.002
2816676789,D. Ramaj,26.0,29.8,19.3,6.24,-0.003
2816676871,R. Huescas,50.5,23.3,39.4,6.1,-0.001
2816677017,J. Larsson,77.1,13.9,7.6,2.89,-0.013
2816677041,V. Froholdt,70.1,16.7,13.7,5.69,-0.008
2816677059,R. Huescas,88.7,6.1,8.9,3.05,-0.012
2816677085,L. Lerager,80.3,7.3,16.5,1.72,-0.009
2816677137,J. Larsson,78.0,31.3,7.6,3.74,-0.024
2816677169,V. Froholdt,75.5,32.0,8.5,5.19,-0.016
2816677217,J. Larsson,78.3,20.9,10.0,2.52,-0.016
2816677275,V. Froholdt,71.9,31.3,25.0,1.61,-0.014
2816677285,M. López,76.5,75.0,22.8,5.46,-0.0199999999999999
2816677389,A. Rømer,24.0,48.4,11.2,6.01,-0.004
2816677471,S. Odey,31.0,54.5,22.1,1.79,-0.005
2816677551,N. Dyhr,23.6,80.0,25.6,3.96,-0.001
2816677615,P. Izzo,11.5,48.4,19.5,5.31,-0.006
2816677631,D. Høegh,25.9,25.2,28.3,1.98,-0.001
2816677653,W. Dammers,19.0,64.3,11.0,1.15,-0.003
2816677791,J. Björkengren,24.4,77.5,12.6,4.43,-0.002
2816677819,W. Dammers,29.0,54.0,13.6,0.25,-0.005
2816677853,A. Rømer,40.5,59.0,14.1,3.29,-0.003
2816677879,W. Dammers,27.8,46.3,15.5,5.12,-0.005
2816677915,D. Høegh,29.9,26.7,21.1,2.55,-0.002
2816677951,P. Izzo,12.7,44.6,15.2,6.03,-0.005
2816678021,A. Rømer,26.7,38.8,11.3,4.44,-0.003
2816678051,D. Høegh,24.0,23.7,18.2,2.47,-0.002
2816678085,P. Izzo,10.4,40.1,47.9,5.64,-0.001
2816678335,M. López,42.1,100.0,30.3,5.47,-0.001
2816678649,P. Hatzidiakos,63.6,71.4,44.6,4.92,-0.006
2816678779,R. Huescas,73.8,21.7,19.4,2.84,-0.012
2816678809,Gabriel Pereira,42.5,26.8,20.0,5.6,-0.003
2816678827,R. Huescas,52.4,9.4,13.4,1.43,-0.003
2816678887,L. Lerager,46.3,28.6,14.6,2.87,-0.004
2816678915,Gabriel Pereira,31.4,33.2,34.3,1.08,-0.002
2816678965,M. López,46.9,77.6,15.5,5.58,-0.004
2816679011,M. Elyounoussi,46.1,72.6,15.8,2.26,-0.004
2816679113,M. López,35.2,91.1,14.4,4.94,-0.002
2816682189,P. Hatzidiakos,35.6,68.0,6.8,0.94,-0.004
2816679441,M. López,41.5,80.6,20.2,3.95,-0.004
2816679457,P. Hatzidiakos,28.2,59.1,19.7,4.86,-0.003
2816679507,Gabriel Pereira,30.9,30.5,13.7,5.42,-0.003
2816679527,R. Huescas,35.8,16.7,45.2,0.28,0.0
2816679559,W. Dammers,33.6,68.5,21.2,0.53,-0.003
2816679567,S. Nordli,51.0,84.2,11.8,2.69,-0.004
2816679625,J. Larsson,68.0,12.2,10.8,3.6,-0.008
2816679659,V. Froholdt,58.2,8.2,17.3,1.77,-0.004
2816679721,L. Lerager,57.9,23.0,19.3,6.27,-0.005
2816679819,J. Larsson,60.3,38.3,34.7,0.96,-0.0059999999999999
2816680175,P. Izzo,13.2,47.2,16.5,5.67,-0.006
2816680275,D. Høegh,29.6,31.8,21.2,1.79,-0.003
2816680355,W. Dammers,35.7,57.6,19.1,5.0,-0.005
2816680413,D. Høegh,46.1,8.9,29.9,2.24,-0.002
2816680439,W. Dammers,28.7,45.2,13.8,0.68,-0.005
2816680463,J. Björkengren,38.9,57.9,10.8,3.68,-0.005
2816680533,W. Dammers,30.8,49.4,16.2,1.18,-0.005
2816680563,J. Björkengren,36.0,74.5,29.9,0.1,-0.002
2816680599,Gabriel Pereira,25.8,22.4,12.2,5.45,-0.002
2816680611,R. Huescas,33.6,9.1,28.9,0.08,-0.001
2816680667,J. Björkengren,53.6,87.7,5.9,5.25,-0.005
2816680665,V. Froholdt,50.6,17.2,12.8,0.56,-0.004
2816680689,J. Björkengren,44.6,77.0,6.4,4.51,-0.005
2816680711,A. Rømer,43.4,67.6,13.5,2.66,-0.004
2816680743,W. Dammers,32.0,76.9,17.3,3.95,-0.002
2816680789,P. Izzo,22.8,59.1,59.4,0.51,0.001
2816681041,R. Huescas,25.7,0.0,15.5,0.57,-0.001
2816681055,V. Froholdt,38.1,10.9,16.6,3.3,-0.003
2816681089,R. Huescas,22.5,7.1,12.8,2.57,0.0
2816681119,Gabriel Pereira,12.2,17.3,23.5,1.88,-0.001
2816681137,D. Ramaj,5.3,50.1,7.6,6.27,-0.008
2816681199,P. Hatzidiakos,12.7,49.9,12.3,6.14,-0.006
2816681619,P. Hatzidiakos,24.2,49.1,4.9,3.2,-0.005
2816681757,D. Ramaj,19.5,48.7,14.5,4.9,-0.004
2816681775,Gabriel Pereira,32.6,15.7,14.3,5.8,-0.001
2816681787,R. Huescas,44.7,5.9,30.0,0.68,-0.002
2816681911,W. Dammers,36.5,76.6,13.1,1.08,-0.002
2816681933,N. Dyhr,42.6,92.9,13.0,4.83,-0.003
2816681979,J. Björkengren,44.1,73.9,14.2,2.6,-0.004
2816682093,W. Dammers,30.8,70.9,14.7,4.69,-0.002
2816682113,D. Høegh,32.1,52.2,10.2,0.84,-0.005
2816682163,J. Björkengren,38.6,63.3,16.7,4.42,-0.003
2816682221,D. Høegh,34.7,41.8,23.4,1.75,-0.005
2816682285,W. Dammers,31.7,77.8,26.4,0.5,-0.001
2816682295,S. Nordli,57.6,96.0,3.3,6.16,-0.005
2816682385,R. Huescas,41.4,0.0,20.5,2.77,-0.002
2816682421,Gabriel Pereira,23.2,10.4,23.9,2.23,0.001
2816682497,D. Ramaj,8.8,52.8,68.9,6.27,-0.002
2816682561,D. Høegh,18.3,49.7,10.3,3.21,-0.004
2816682607,P. Izzo,8.7,48.7,42.4,5.33,-0.006
2816682731,E. Achouri,65.3,100.0,12.6,3.89,-0.005
2816682767,L. Lerager,56.5,88.5,12.9,6.25,-0.003
2816682809,E. Achouri,68.7,85.7,19.9,3.73,-0.008
2816682841,P. Hatzidiakos,48.2,68.1,16.9,0.45,-0.005
2816682927,O. Olsen,32.4,20.0,13.2,0.68,-0.002
2816682955,J. Björkengren,42.6,29.2,20.8,5.55,-0.003
2816682989,O. Olsen,57.4,8.8,8.1,1.47,-0.005
2816683033,M. Greve,60.8,19.4,29.0,6.13,-0.004
2816683063,M. López,15.4,91.4,19.5,4.07,0.0
2816683125,D. Ramaj,4.3,68.4,30.1,0.83,0.0
2816683221,M. Greve,75.8,0.0,10.4,1.18,-0.006
2816683233,S. Nordli,79.6,12.2,2.8,4.98,-0.014
2816683241,S. Odey,80.3,8.2,4.0,3.45,-0.011
2816683553,M. López,30.0,100.0,18.5,5.88,-0.001
2816683627,A. Rømer,67.0,9.2,21.6,0.02,-0.006
2816683665,S. Odey,88.2,9.8,11.3,3.13,-0.011
2816683701,A. Rømer,77.4,10.0,12.8,1.59,-0.009
2816683747,J. Björkengren,74.4,38.3,26.2,1.35,-0.016
2816683799,N. Dyhr,79.8,75.9,25.5,5.15,-0.019
2816683871,A. Cornelius,31.0,74.9,16.1,0.01,-0.002
2816683899,D. Høegh,68.5,30.3,18.8,5.64,-0.011
2816683937,S. Odey,82.9,13.8,3.6,1.57,-0.015
2816683975,M. Greve,82.9,19.2,8.6,5.62,-0.018
2816683993,O. Olsen,90.2,11.6,12.1,1.87,-0.011
2816684515,M. López,36.4,95.0,13.1,4.99,-0.001
2816684527,M. Greve,43.8,13.2,7.8,2.07,-0.005
2816684531,A. Rømer,40.2,23.3,5.0,0.1,-0.005
2816684559,V. Froholdt,36.7,71.0,14.6,0.41,-0.003
2816907355,E. Achouri,43.0,74.6,13.3,3.81,-0.004
2816684647,S. Odey,75.8,29.7,8.4,2.81,-0.016
2816684657,M. Greve,68.2,33.7,3.9,5.52,-0.013
2816684665,S. Odey,70.9,29.7,2.8,1.27,-0.013
2816684687,L. Lerager,27.8,70.4,13.7,0.72,-0.003
2816684815,J. Björkengren,59.1,26.2,2.1,1.1,-0.009
2816685413,M. López,41.9,100.0,10.7,5.12,-0.002
2816685437,M. Elyounoussi,40.9,72.3,34.4,4.74,-0.002
2816685497,R. Huescas,41.8,21.8,15.7,0.25,-0.004
2816685535,V. Froholdt,64.9,26.3,8.6,1.46,-0.009
2816685613,J. Larsson,69.9,35.9,22.1,0.19,-0.012
2816687187,S. Nordli,50.1,50.0,23.2,2.44,-0.005
2816687221,W. Dammers,33.3,72.9,18.8,5.45,-0.002
2816687227,A. Rømer,45.3,52.4,7.9,1.83,-0.006
2816687345,J. Björkengren,46.2,70.9,10.7,3.16,-0.004
2816687363,W. Dammers,35.7,70.6,18.4,0.93,-0.003
2816687413,N. Dyhr,46.2,93.2,10.3,4.34,-0.003
2816687451,J. Björkengren,46.1,70.9,12.3,4.1,-0.004
2816687519,W. Dammers,39.1,53.4,20.8,5.0,-0.005
2816687597,D. Høegh,45.8,32.7,18.6,2.1,-0.004
2816687637,W. Dammers,36.1,72.6,20.6,3.55,-0.003
2816687675,P. Izzo,20.7,52.7,20.8,5.25,-0.004
2816687719,D. Høegh,31.6,24.9,22.1,5.55,-0.002
2816687759,O. Olsen,53.6,5.5,16.8,2.51,-0.003
2816687813,D. Høegh,39.5,25.8,26.9,1.77,-0.002
2816687859,W. Dammers,36.9,66.1,25.4,0.77,-0.002
2816687877,N. Dyhr,54.5,92.6,18.8,5.54,-0.003
2816727565,Gabriel Pereira,22.6,26.6,9.6,5.67,-0.002
2816917931,R. Huescas,32.9,7.5,5.0,1.1,-0.002
2816918627,J. Larsson,29.9,14.1,1.7,0.0,-0.003
2816688061,R. Huescas,37.7,0.0,20.0,1.39,-0.001
2816688089,L. Lerager,41.1,28.1,16.9,4.0,-0.003
2816688099,R. Huescas,30.6,9.2,14.8,3.04,-0.001
2816688169,Gabriel Pereira,14.3,10.4,41.6,0.18,0.002
2816688209,W. Dammers,45.5,83.8,5.6,6.15,-0.004
2816688253,J. Björkengren,51.1,82.7,8.2,2.23,-0.005
2816688287,N. Dyhr,46.2,92.9,26.2,5.49,-0.002
2816688351,L. Lerager,33.6,33.4,20.5,2.18,-0.003
2816688431,P. Hatzidiakos,25.9,68.0,17.4,0.97,-0.003
2816688457,M. López,34.9,89.4,25.8,5.66,-0.001
2816688513,M. Elyounoussi,57.3,64.2,9.9,4.11,-0.0069999999999999
2816688531,V. Froholdt,57.6,63.6,9.3,2.99,-0.008
2816688553,L. Lerager,48.8,65.7,14.5,0.8,-0.005
2816688605,M. López,58.4,81.0,8.0,4.73,-0.006
2816688653,V. Froholdt,67.9,70.5,14.8,0.99,-0.011
2816688715,E. Achouri,75.6,88.7,21.7,5.74,-0.008
2816688843,R. Huescas,82.2,15.1,8.9,2.39,-0.0139999999999999
2816688863,J. Larsson,76.0,24.1,13.2,5.15,-0.014
2816688885,R. Huescas,81.3,6.5,10.6,2.71,-0.01
2816688941,J. Larsson,72.7,14.9,31.5,2.44,-0.009
2816688973,P. Hatzidiakos,45.5,49.3,19.1,0.76,-0.005
2816689003,M. López,58.7,68.6,20.5,0.3,-0.0069999999999999
2816689085,M. Elyounoussi,90.5,90.0,10.3,3.11,-0.015
2816689101,E. Achouri,77.1,89.6,3.2,5.51,-0.011
2816689109,M. Elyounoussi,79.3,86.3,11.0,4.65,-0.012
2816689115,M. López,78.6,70.2,9.0,2.75,-0.024
2816689157,M. Elyounoussi,70.7,75.2,6.9,5.58,-0.0099999999999999
2816730169,M. López,79.5,64.5,3.2,3.95,-0.026
2816690203,D. Høegh,36.6,38.8,13.9,1.9,-0.003
2816690227,W. Dammers,34.0,60.9,19.2,0.34,-0.003
2816690255,M. Greve,55.5,71.7,7.3,5.14,-0.006
2816690273,J. Björkengren,60.5,64.8,17.7,1.36,-0.0069999999999999
2816690289,N. Dyhr,70.3,90.9,9.4,4.02,-0.007
2816690301,J. Björkengren,66.6,83.3,12.5,3.19,-0.006
2816690343,W. Dammers,54.0,82.7,12.9,5.2,-0.004
2816690361,L. Pedersen,61.0,65.5,28.4,0.07,-0.0059999999999999
2816690551,N. Dyhr,85.8,100.0,14.1,3.63,-0.008
2816690583,J. Björkengren,73.9,91.4,13.9,3.13,-0.008
2816690631,W. Dammers,61.5,91.7,18.1,0.23,-0.004
2816690671,J. Björkengren,78.6,97.8,7.1,4.27,-0.009
2816690681,M. Greve,75.0,88.9,4.3,1.37,-0.01
2816690709,N. Dyhr,75.8,95.1,15.1,6.09,-0.006
2816690927,N. Dyhr,89.4,100.0,20.2,4.88,-0.008
2816690935,N. Campbell,92.7,72.4,10.5,5.06,-0.031
2816691119,D. Ramaj,11.1,53.9,34.7,0.83,-0.004
2816691133,E. Achouri,34.8,91.4,11.6,3.82,-0.002
2816691213,L. Lerager,26.1,78.9,11.4,3.41,-0.002
2816691245,P. Hatzidiakos,27.1,90.0,25.9,5.62,0.0
2816691247,E. Achouri,46.5,66.5,15.9,2.5,-0.004
2816691297,V. Froholdt,39.3,64.5,21.8,0.27,-0.003
2816691329,E. Achouri,59.3,72.9,20.2,2.56,-0.0069999999999999
2816691369,M. López,43.0,92.1,15.6,3.58,-0.003
2816691411,P. Hatzidiakos,30.9,74.9,26.6,4.79,-0.001
2816692185,W. Dammers,30.6,65.5,9.2,0.55,-0.004
2816937379,V. Froholdt,59.8,18.7,11.0,2.47,-0.005
2816692319,D. Høegh,31.0,49.9,19.3,1.67,-0.005
2816692353,J. Björkengren,27.6,86.9,36.7,6.09,0.001
2816692569,P. Hatzidiakos,19.7,32.3,20.4,2.49,-0.003
2816692573,D. Ramaj,9.0,49.9,48.4,0.8,-0.005
2816692579,E. Mahmoud,58.2,0.0,5.8,2.53,-0.005
2816692593,O. Olsen,53.6,4.4,19.0,2.11,-0.003
2816692613,D. Høegh,43.9,28.9,8.4,0.53,-0.005
2816692621,J. Björkengren,50.9,35.4,8.6,3.53,-0.006
2816692655,D. Høegh,43.4,30.6,11.5,6.11,-0.004
2816939217,L. Lerager,38.8,79.5,7.3,1.03,-0.005
2816939345,E. Achouri,33.3,91.1,9.7,5.93,-0.001
2816692831,V. Claesson,43.8,83.0,28.2,0.29,-0.003
2816693139,M. López,88.4,100.0,17.4,4.74,-0.008
2816693179,L. Lerager,88.9,75.8,12.9,4.5,-0.0279999999999999
2816693257,J. Björkengren,27.9,47.6,13.5,6.22,-0.004
2816941667,E. Mahmoud,37.4,49.6,27.2,5.82,-0.004
2816693337,P. Hatzidiakos,33.2,54.8,16.3,5.12,-0.005
2816693457,R. Huescas,44.1,20.6,14.3,2.8,-0.004
2816693561,Gabriel Pereira,28.6,31.4,18.4,2.6,-0.003
2816693583,D. Ramaj,13.6,45.4,21.4,5.25,-0.005
2816693617,Gabriel Pereira,24.1,18.4,25.5,0.35,-0.001
2816693633,A. Cornelius,46.9,31.3,6.4,2.75,-0.005
2816693651,L. Pedersen,57.7,67.2,23.3,1.48,-0.0069999999999999
2816693807,R. Huescas,39.9,0.0,11.2,1.52,-0.002
2816693827,V. Claesson,40.4,15.7,8.0,3.83,-0.004
2816693875,R. Huescas,34.5,8.2,11.6,2.7,-0.002
2816693905,Gabriel Pereira,21.5,11.9,20.3,2.35,-0.001
2816693925,D. Ramaj,8.0,33.2,41.1,1.05,-0.002
2816693997,M. López,27.3,85.7,13.2,4.11,-0.001
2816694059,P. Hatzidiakos,19.5,69.3,19.0,0.05,-0.003
2816694103,M. Mattsson,42.1,74.4,18.7,0.4,-0.003
2816694131,V. Claesson,58.5,85.2,7.8,1.33,-0.005
2816694157,E. Achouri,60.3,96.3,21.4,6.08,-0.004
2816694203,D. Høegh,32.9,7.7,11.7,1.23,-0.001
2816694265,J. Björkengren,36.0,23.3,14.3,5.13,-0.002
2816694275,O. Olsen,41.0,5.2,15.1,0.19,-0.002
2816694283,M. Themsen,55.1,9.4,4.1,2.53,-0.005
2816694327,P. Hatzidiakos,26.2,91.1,33.7,3.97,0.0
2816694397,D. Ramaj,3.4,52.8,32.3,1.04,-0.007
2816694443,M. López,20.5,95.1,14.1,5.54,0.0
2816694459,V. Claesson,35.3,64.8,20.3,5.67,-0.003
2816694483,M. Mattsson,51.1,47.6,15.4,0.75,-0.005
2816694505,E. Achouri,61.8,63.0,9.7,2.91,-0.0069999999999999
2816694533,M. Mattsson,52.8,66.3,11.7,1.71,-0.006
2816694593,L. Lerager,51.3,83.4,18.9,3.43,-0.004
2816694665,M. López,41.9,67.5,27.6,4.25,-0.002
2816694731,Gabriel Pereira,28.9,31.9,23.3,1.55,-0.003
2816694773,P. Hatzidiakos,31.0,65.6,24.6,5.95,-0.002
2816694793,V. Claesson,53.1,53.6,11.9,6.15,-0.006
2816694907,M. Mattsson,69.2,54.3,20.4,0.56,-0.013
2816694957,E. Achouri,94.3,71.4,16.2,4.74,-0.031
2816696109,M. Themsen,50.2,49.7,22.9,2.84,-0.005
2816696121,W. Dammers,29.4,59.4,11.9,6.09,-0.003
2816696151,J. Björkengren,40.5,56.0,20.4,4.21,-0.005
2816696177,D. Høegh,31.1,29.8,17.5,2.47,-0.003
2816696199,P. Izzo,19.2,47.2,40.3,1.14,-0.002
2816696461,R. Huescas,67.3,0.0,13.4,1.01,-0.005
2816696499,A. Cornelius,70.7,14.1,7.7,4.18,-0.009
2816696489,N. Dyhr,21.9,92.0,27.2,6.03,0.001
2816949143,M. Touré,46.0,84.7,8.9,3.78,-0.005
2816696585,M. Themsen,43.0,80.5,11.1,4.57,-0.004
2816952689,E. Mahmoud,42.6,65.7,10.5,1.25,-0.003
2816952905,M. Themsen,45.8,78.7,15.0,3.77,-0.004
2816952991,L. Pedersen,51.8,57.3,10.7,4.89,-0.005
2816953503,E. Mahmoud,57.0,36.0,18.9,4.95,-0.006
2816953709,O. Olsen,63.1,8.9,29.8,2.22,-0.004
2816953785,D. Høegh,54.6,45.5,15.9,1.58,-0.006
2816953847,W. Dammers,54.4,68.9,19.2,1.05,-0.006
2816953915,M. Greve,63.5,93.4,17.0,4.01,-0.005
2816954025,W. Dammers,53.0,74.3,22.1,4.42,-0.005
2816954091,D. Høegh,36.9,20.8,10.2,6.24,-0.002
2816954131,E. Mahmoud,46.6,20.2,8.2,2.41,-0.005
2816697023,L. Pedersen,40.5,37.0,19.0,2.63,-0.003
2816697109,P. Izzo,23.3,50.9,13.0,0.71,-0.004
2816697155,W. Dammers,34.0,64.9,19.3,0.9,-0.003
2816697161,M. Greve,45.4,87.5,20.1,4.13,-0.004
2816697193,W. Dammers,34.8,62.9,22.8,5.93,-0.003
2816697259,M. Themsen,55.2,51.3,13.3,5.22,-0.006
2816697281,E. Mahmoud,62.0,31.8,18.9,5.12,-0.009
2816697291,O. Olsen,68.8,8.0,6.8,1.66,-0.007
2816697307,E. Mahmoud,68.2,17.9,7.1,4.0,-0.009
2816697361,O. Olsen,63.8,9.8,8.2,0.71,-0.006
2816697451,E. Mahmoud,60.6,25.8,12.5,1.2,-0.0069999999999999
2816697465,J. Björkengren,64.9,43.0,12.9,3.26,-0.009
2816697479,D. Høegh,52.7,40.7,16.7,1.64,-0.006
2816697531,W. Dammers,51.6,65.2,18.5,1.03,-0.005
2816697545,M. Greve,60.6,88.6,14.0,4.25,-0.004
2816697561,W. Dammers,54.7,70.2,25.4,5.81,-0.005
2816697641,P. Hatzidiakos,30.2,49.7,17.3,6.02,-0.005
2816697767,A. Cornelius,46.1,43.0,17.8,0.61,-0.005
2816697899,M. Greve,34.8,70.5,17.4,5.61,-0.003
2816699441,D. Høegh,45.8,47.2,17.3,4.29,-0.005
2816699463,O. Olsen,39.1,23.9,12.5,2.38,-0.003
2816699491,D. Høegh,30.5,36.6,24.6,1.49,-0.002
2816699513,W. Dammers,32.3,72.6,17.3,6.28,-0.002
2816699603,R. Falk,40.0,40.4,16.3,2.61,-0.003
2816958585,P. Hatzidiakos,38.4,37.2,10.8,0.71,-0.003
2816699609,R. Falk,32.2,53.8,10.5,5.37,-0.005
2816699651,J. Björkengren,61.7,67.6,4.9,0.17,-0.008
2816699743,E. Mahmoud,64.1,59.9,1.6,1.99,-0.011
2816699769,J. Björkengren,60.6,69.0,10.0,2.09,-0.0069999999999999
2816699777,N. Dyhr,55.9,81.8,9.2,0.39,-0.005
2816960003,M. Greve,67.9,96.0,3.9,5.16,-0.007
2816699805,N. Dyhr,59.0,81.4,1.7,3.58,-0.007
2816961247,V. Claesson,46.2,15.3,10.3,3.76,-0.004
2816700275,R. Huescas,37.1,3.5,19.0,2.88,-0.001
2816700313,Gabriel Pereira,19.6,10.7,24.3,1.99,0.001
2816700345,D. Ramaj,10.2,43.3,20.0,5.95,-0.005
2816700377,R. Falk,28.2,33.8,22.8,3.88,-0.003
2816700411,Gabriel Pereira,10.2,10.7,23.3,0.95,0.0
2816700425,L. Lerager,23.1,38.6,27.3,6.01,-0.002
2816700485,W. Dammers,54.6,83.2,13.3,1.28,-0.004
2816700655,R. Huescas,40.2,0.0,10.2,1.39,-0.002
2816700751,M. Greve,45.1,96.5,8.0,3.58,-0.003
2816700807,N. Dyhr,31.7,91.2,33.3,4.04,0.0
2816700861,P. Izzo,14.4,54.9,14.9,5.72,-0.005
2816700879,D. Høegh,27.8,41.3,18.9,1.81,-0.005
2816700925,W. Dammers,23.0,70.5,18.2,1.0,-0.003
2816700971,N. Dyhr,33.8,92.4,67.1,6.11,0.004
2816701255,D. Ramaj,9.6,46.3,30.9,1.02,-0.004
2816701299,P. Hatzidiakos,25.1,84.9,12.3,0.55,-0.001
2816701361,B. Meling,35.1,94.4,41.6,5.78,0.001
2816702813,L. Lerager,59.9,74.0,9.2,3.65,-0.008
2816702845,R. Falk,52.2,67.4,12.1,0.45,-0.005
2816702869,L. Lerager,62.6,75.2,22.2,3.24,-0.008
2816702889,R. Falk,41.6,71.9,13.7,3.7,-0.003
2816703005,P. Hatzidiakos,31.4,62.1,34.7,0.68,-0.002
2816703033,B. Meling,60.7,82.7,11.2,0.72,-0.004
2816703087,M. López,71.7,93.9,12.4,3.96,-0.008
2816703145,R. Falk,65.0,76.8,24.2,4.22,-0.0059999999999999
2816703215,Gabriel Pereira,57.8,39.1,18.2,0.81,-0.0069999999999999
2816703223,A. Chiakha,69.8,60.2,9.6,0.97,-0.012
2816703237,O. Olsen,28.3,23.9,6.1,0.43,-0.003
2816703311,E. Mahmoud,33.9,25.3,18.3,5.23,-0.003
2816703567,B. Meling,57.7,100.0,9.7,5.03,-0.004
2816716195,B. Meling,47.3,89.3,23.5,3.77,-0.003
2816703629,P. Hatzidiakos,40.2,89.7,5.8,0.68,-0.004
2816703675,B. Meling,44.5,95.1,34.7,3.59,-0.001
2816703729,D. Ramaj,14.7,72.9,28.4,4.92,-0.001
2816703859,Gabriel Pereira,25.7,32.9,14.5,4.88,-0.003
2816703939,M. Greve,90.4,91.4,13.7,4.6,-0.011
2816704547,M. Themsen,99.6,99.5,30.9,4.64,-0.018
2816704653,E. Mahmoud,73.3,89.6,12.4,0.29,-0.008
2816704689,M. Themsen,84.7,95.4,18.3,3.58,-0.008
2816704725,J. Björkengren,68.9,83.9,6.7,1.62,-0.009
2816704781,E. Mahmoud,68.6,93.6,25.7,4.08,-0.005
2816704837,B. Kopplin,51.9,50.0,26.9,2.98,-0.004
2816704909,P. Izzo,27.1,56.4,30.7,0.98,-0.004
2816704925,E. Mahmoud,43.3,94.1,18.7,5.25,-0.003
2816704955,J. Björkengren,52.5,70.5,27.0,0.39,-0.005
2816705037,M. Touré,97.7,70.9,10.8,4.48,-0.03
2816971119,E. Mahmoud,45.8,72.6,4.2,4.96,-0.006
2816705229,L. Pedersen,47.4,56.9,6.4,2.65,-0.006
2816705257,D. Høegh,41.4,61.4,13.5,1.34,-0.003
2816705287,W. Dammers,44.3,80.8,14.3,0.51,-0.004
2816705397,B. Kopplin,56.3,91.4,7.1,4.88,-0.004
2816705439,E. Mahmoud,57.1,77.0,25.5,4.24,-0.003
2816705449,D. Høegh,46.1,43.6,14.9,5.14,-0.005
2816705509,O. Olsen,53.1,22.7,13.4,2.06,-0.004
2816705531,D. Høegh,55.6,29.5,12.0,4.82,-0.006
2816705561,O. Olsen,57.8,11.6,19.4,2.22,-0.004
2816705607,D. Høegh,46.6,34.3,19.7,1.91,-0.004
2816705713,W. Dammers,41.2,59.1,18.1,4.73,-0.003
2816705737,D. Høegh,45.7,32.2,16.2,0.01,-0.004
2816705759,E. Mahmoud,61.2,32.2,18.3,3.12,-0.0069999999999999
2816705769,D. Høegh,43.6,32.8,15.0,6.2,-0.004
2816705773,E. Mahmoud,57.8,31.0,12.0,2.73,-0.0069999999999999
2816705887,L. Pedersen,47.3,38.0,8.2,5.15,-0.005
2816706301,O. Olsen,41.8,18.5,12.8,2.41,-0.004
2816706341,D. Høegh,32.6,31.5,25.8,1.32,-0.002
2816706363,W. Dammers,40.0,70.6,22.0,0.8,-0.003
2816706375,B. Kopplin,54.5,93.8,3.9,5.34,-0.005
2816706419,B. Kopplin,55.2,82.1,12.2,4.34,-0.004
2816706459,L. Pedersen,51.0,65.4,16.0,2.67,-0.005
2816706525,W. Dammers,39.2,75.3,21.2,0.72,-0.003
2816706597,J. Björkengren,54.7,95.1,28.3,6.2,-0.002
2816706617,B. Kopplin,94.8,91.7,7.3,4.28,-0.016
2816706679,M. Greve,91.9,82.0,8.8,2.41,-0.024
2816706801,M. Touré,81.5,85.1,42.8,4.69,-0.011
2816706841,E. Mahmoud,77.6,27.3,10.9,4.82,-0.0199999999999999
2816706861,O. Olsen,78.7,11.4,5.3,0.38,-0.0099999999999999
2816706875,M. Themsen,83.4,14.3,2.5,3.44,-0.015
2816706929,O. Olsen,80.6,14.3,14.6,0.35,-0.012
2816706941,M. Greve,93.7,21.6,3.4,1.85,-0.025
2816706993,R. Falk,9.6,71.0,8.2,1.91,-0.003
2816707009,L. Lerager,7.0,82.4,32.4,6.03,0.0
2816707199,D. Høegh,79.1,3.7,12.4,2.21,-0.008
2816707259,E. Mahmoud,74.5,26.4,11.5,1.08,-0.014
2816707297,M. Greve,79.7,41.3,19.6,5.87,-0.0289999999999999
2816707469,O. Olsen,87.9,0.0,7.0,1.47,-0.009
2816707511,M. Themsen,88.4,8.3,3.8,4.41,-0.013
2816707525,O. Olsen,87.3,2.9,5.2,1.09,-0.009
2816707615,B. Meling,5.7,95.7,13.8,5.92,0.001
2816707653,M. López,18.0,88.5,14.1,3.5,0.0
2816707691,R. Falk,4.1,76.2,22.0,5.06,-0.002
2816707711,Gabriel Pereira,10.1,37.9,15.1,6.06,-0.004
2816707747,B. Kopplin,78.2,73.4,25.7,0.32,-0.019
2816708135,D. Ramaj,4.6,51.8,15.4,4.92,-0.008
2816708161,Gabriel Pereira,7.6,29.6,15.9,1.85,-0.004
2816708189,D. Ramaj,3.4,52.1,23.6,1.21,-0.008
2816708247,P. Hatzidiakos,12.2,86.4,30.9,6.12,0.0
2816708375,O. Olsen,61.6,0.0,7.2,1.29,-0.005
2816708487,M. López,43.4,94.1,13.8,5.83,-0.003
2816708527,L. Pedersen,45.9,8.0,13.9,6.1,-0.003
2816708601,L. Lerager,40.4,92.4,14.2,5.11,-0.003
2816708633,M. Mattsson,44.8,74.9,6.0,2.03,-0.005
2816708659,R. Falk,55.5,84.3,21.4,0.57,-0.004
2816708825,O. Olsen,40.5,0.0,19.5,0.58,-0.002
2816708871,R. Falk,39.9,72.2,16.9,3.39,-0.003
2816708901,Gabriel Pereira,24.3,66.2,19.8,6.07,-0.003
2816708971,R. Falk,40.1,58.7,23.6,4.06,-0.005
2816709017,R. Huescas,25.8,19.3,22.0,2.72,-0.002
2816709041,D. Ramaj,5.9,18.7,8.5,4.77,-0.002
2816709085,R. Huescas,6.4,6.2,8.2,2.17,-0.001
2816709177,D. Ramaj,3.7,17.6,14.5,5.9,0.0
2816709213,Gabriel Pereira,19.7,10.7,5.8,5.69,-0.001
2816709297,R. Huescas,25.8,4.4,13.3,0.43,-0.001
2816709515,R. Huescas,51.1,20.0,35.0,2.31,-0.003
2816709637,P. Hatzidiakos,28.7,58.1,22.4,0.86,-0.005
2816709667,B. Meling,35.7,87.2,13.5,5.27,-0.002
2816709765,R. Falk,38.8,78.9,19.5,3.96,-0.004
2816709825,P. Hatzidiakos,26.8,51.6,21.8,1.18,-0.004
2816709965,B. Meling,34.9,89.7,48.3,0.07,0.001
2816710029,L. Pedersen,20.0,7.1,10.1,1.01,0.0
2816710069,M. López,67.7,68.4,20.8,5.39,-0.011
2816710171,B. Kopplin,20.1,70.6,12.5,5.23,-0.002
2816710201,M. Greve,26.0,54.6,15.4,0.55,-0.005
2816710255,R. Falk,64.3,31.6,24.9,5.21,-0.008
2816710465,B. Kopplin,33.9,100.0,33.5,4.76,0.0
2816710481,L. Pedersen,34.4,35.4,17.3,5.44,-0.003
2816710533,O. Olsen,45.3,16.4,14.6,5.59,-0.004
2816710563,E. Mahmoud,60.2,16.7,6.1,0.18,-0.005
2816710615,O. Olsen,65.9,18.3,5.4,4.75,-0.008
2816710631,E. Mahmoud,74.1,21.6,17.3,2.13,-0.012
2816710667,J. Björkengren,65.0,42.5,11.1,4.37,-0.009
2816710715,L. Pedersen,61.0,25.3,13.7,2.1,-0.0069999999999999
2816710779,D. Høegh,56.1,40.7,19.1,1.65,-0.006
2816710825,W. Dammers,56.7,72.6,21.0,0.71,-0.005
2816710839,B. Kopplin,71.9,92.7,9.5,4.6,-0.009
2816710929,J. Björkengren,70.9,78.8,12.4,2.07,-0.008
2816710975,B. Kopplin,59.5,95.7,9.0,0.22,-0.005
2816710989,M. Greve,67.9,98.6,10.5,4.95,-0.005
2816711035,L. Lerager,28.5,39.7,18.0,6.09,-0.003
2816711083,W. Dammers,44.0,78.7,4.6,0.0,-0.006
2816711261,B. Kopplin,59.1,100.0,10.2,5.94,-0.004
2816711377,B. Kopplin,76.4,100.0,8.8,5.19,-0.009
2816711391,M. Themsen,80.3,89.9,12.5,4.18,-0.009
2816711437,L. Lerager,21.1,33.4,14.5,0.76,-0.003
2816711445,M. López,31.1,48.1,8.3,3.89,-0.006
2816711505,L. Lerager,25.3,39.7,14.2,2.17,-0.003
2816711541,P. Hatzidiakos,17.5,57.3,18.6,3.81,-0.005
2816711579,D. Ramaj,3.6,40.3,60.6,0.21,0.001
2816711627,D. Høegh,37.2,35.5,28.7,6.06,-0.002
2816711643,E. Mahmoud,63.8,26.1,12.6,2.55,-0.008
2816711675,L. Pedersen,54.2,37.0,35.3,0.53,-0.005
2816711811,D. Ramaj,14.5,49.6,13.6,5.09,-0.004
2816711865,Gabriel Pereira,22.0,28.7,14.3,2.13,-0.002
2816711929,D. Ramaj,18.7,44.3,36.1,1.23,-0.004
2816711989,B. Meling,34.2,95.4,18.6,3.86,-0.001
2816712047,P. Hatzidiakos,21.2,74.4,20.6,4.58,-0.002
2816712153,D. Ramaj,19.0,41.0,62.4,5.97,0.002
2816712461,R. Huescas,83.5,0.0,14.0,0.57,-0.008
2816712543,V. Claesson,95.0,6.1,11.2,3.14,-0.015
2816715441,M. Mattsson,75.7,3.4,5.6,2.26,-0.007
2816715485,R. Falk,71.4,14.5,6.4,5.8,-0.009
2816712641,R. Huescas,90.2,10.4,4.0,4.9,-0.013
2816712695,M. Mattsson,91.8,5.8,10.2,3.28,-0.014
2816712729,R. Huescas,81.9,4.9,31.9,2.45,-0.007
2816712793,P. Hatzidiakos,58.6,34.9,16.9,1.4,-0.0069999999999999
2816712845,B. Meling,66.9,73.5,20.7,0.91,-0.009
2816712885,M. López,87.6,93.3,30.0,4.8,-0.0099999999999999
2816713361,M. López,99.4,99.8,29.5,4.48,-0.018
2816713791,P. Izzo,3.9,43.3,62.6,5.99,0.001
2816713813,M. López,45.9,90.3,22.4,5.41,-0.003
2816713867,W. Dammers,33.5,36.4,19.3,6.24,-0.003
2816713869,J. Björkengren,51.9,35.2,17.2,0.0,-0.005
2816713893,M. Greve,60.6,40.6,12.7,6.02,-0.0069999999999999
2816713883,P. Hatzidiakos,20.9,68.6,13.1,6.24,-0.003
2816713921,L. Lerager,33.4,67.8,14.7,2.08,-0.003
2816713937,B. Meling,34.8,84.2,18.8,5.47,-0.002
2816713961,W. Dammers,58.9,36.6,4.3,5.06,-0.009
2816713981,L. Pedersen,61.1,25.8,9.4,5.9,-0.0069999999999999
2816713991,E. Mahmoud,72.6,24.1,7.0,0.33,-0.015
2816714013,L. Lerager,31.7,63.2,16.5,0.86,-0.003
2816714067,E. Mahmoud,68.1,29.4,10.8,1.88,-0.009
2816714071,J. Björkengren,64.7,44.6,12.5,0.4,-0.009
2816714123,E. Mahmoud,72.7,63.7,13.5,1.17,-0.017
2816714127,B. Kopplin,77.0,86.5,14.2,3.51,-0.012
2816714135,J. Björkengren,64.4,79.0,9.7,0.72,-0.0069999999999999
2816714139,B. Kopplin,71.4,88.4,16.8,0.2,-0.006
2816714149,E. Mahmoud,87.4,93.6,12.0,5.63,-0.011
2816714157,M. Greve,96.5,82.9,7.8,2.98,-0.023
2816714317,R. Falk,10.6,11.2,10.7,0.98,0.0
